{"cameraMode":{"drawMode":0,"name":"Shaded","section":"Shading Mode"},"sceneLighting":true,"audioPlay":false,"sceneViewState":{"showFog":true,"showMaterialUpdate":false,"showSkybox":true,"showFlares":true,"showImageEffects":true,"showParticleSystems":true},"in2DMode":false,"pivot":{"x":232.0,"y":14.100000381469727,"z":35.400001525878909},"rotation":{"x":-0.1503063589334488,"y":-0.1107245460152626,"z":0.016908764839172365,"w":-0.9824421405792236},"size":377.6116943359375,"orthographic":false}