{"cameraMode":{"drawMode":0,"name":"Shaded","section":"Shading Mode"},"sceneLighting":true,"audioPlay":false,"sceneViewState":{"showFog":true,"showMaterialUpdate":false,"showSkybox":true,"showFlares":true,"showImageEffects":true,"showParticleSystems":true},"in2DMode":false,"pivot":{"x":233.8734130859375,"y":5.740042686462402,"z":32.41027069091797},"rotation":{"x":-0.15049341320991517,"y":0.7089190483093262,"z":-0.15913240611553193,"w":-0.670447826385498},"size":7.45445442199707,"orthographic":false}