{"cameraMode":{"drawMode":0,"name":"Shaded","section":"Shading Mode"},"sceneLighting":true,"audioPlay":false,"sceneViewState":{"showFog":true,"showMaterialUpdate":false,"showSkybox":true,"showFlares":true,"showImageEffects":true,"showParticleSystems":true},"in2DMode":false,"pivot":{"x":512.6118774414063,"y":365.2190856933594,"z":201.67425537109376},"rotation":{"x":-0.010801580734550953,"y":-0.038707636296749118,"z":0.0004155116039328277,"w":-0.9992138743400574},"size":512.5792236328125,"orthographic":false}