{"cameraMode":{"drawMode":0,"name":"Shaded","section":"Shading Mode"},"sceneLighting":true,"audioPlay":false,"sceneViewState":{"showFog":true,"showMaterialUpdate":false,"showSkybox":false,"showFlares":true,"showImageEffects":true,"showParticleSystems":true},"in2DMode":false,"pivot":{"x":162.94033813476563,"y":12.346741676330567,"z":277.5669250488281},"rotation":{"x":0.1583874225616455,"y":0.6776716709136963,"z":-0.15295812487602235,"w":0.7016692757606506},"size":56.889312744140628,"orthographic":false}